﻿<?xml version="1.0" encoding="UTF-8" standalone="yes"?>
<addon id="plugin.program.category.livetv" name="Live TV" version="1.0.0" provider-name="Dung Nguyen">
    <requires>
		<import addon="xbmc.python" version="2.14.0"/>
	</requires>
	<extension point="xbmc.python.pluginsource" library="addon.py">
		<provides>executable</provides>
	</extension>
	<extension point="xbmc.addon.metadata">
		<platform>all</platform>
		<summary lang="en">Live TV</summary>
		<description lang="en">Live TV</description>
		<license>GNU General Public License, v2</license>
		<language></language>
		<forum>http://forum.kodi.tv/showthread.php?tid=209948</forum>
		<source>https://github.com/zag2me/plugin.program.hello.world</source>
		<email>dungnt109@gmail.com</email>
	</extension>
</addon>
